{"Labels":[{"Name":"Airplane","Confidence":99.68559265136719,"Instances":[{"BoundingBox":{"Width":0.9993749856948853,"Height":0.8936907649040222,"Left":0,"Top":0.027751171961426735},"Confidence":99.68559265136719}],"Parents":[]}],"LabelModelVersion":"2.0"}